Workbook
Name Slicer_Category: #N/A
Name Slicer_Order_Date: #N/A
Name Slicer_Region: #N/A

Sheet Raw_Sales_Data
A1: Order ID | B1: Order Date | C1: Cust ID | D1: Prod ID | E1: Region | F1: Qty | G1: Sales
A2: 1001 | B2: 45658 | C2: C01 | D2: P01 | E2: North | F2: 2 | G2: 4000
A3: 1002 | B3: 45689 | C3: C02 | D3: P03 | E3: South | F3: 1 | G3: 1500
A4: 1003 | C4: C03 | D4: P02 | E4: East | F4: 3 | G4: 6000
A5: 1004 | B5: 45748 | C5: C01 | D5: P04 | E5: West | F5: two | G5: 3000
A6: 1005 | B6: 45778 | C6: C04 | E6: North | F6: 1
A7: 1006 | B7: 45809 | C7: C02 | D7: P01 | E7: South | F7: 2 | G7: 4000

Sheet Customers
A1: Customer ID | B1: Customer Name | C1: Segment
A2: C01 | B2: Rahul Sharma | C2: Retail
A3: C02 | B3: Neha Singh | C3: Corporate
A4: C03 | B4: Aman Verma | C4: Retail
A5: C04 | B5: Pooja Mehta | C5: Small Business

Sheet Products
A1: Product ID | B1: Product Name | C1: Category | D1: Price
A2: P01 | B2: Laptop | C2: Electronics | D2: 2000
A3: P02 | B3: Phone | C3: Electronics | D3: 2000
A4: P03 | B4: Printer | C4: Office | D4: 1500
A5: P04 | B5: Chair | C5: Furniture | D5: 1500

Sheet Region_Targets
A1: Region | B1: Monthly Target
A2: North | B2: 8000
A3: South | B3: 7000
A4: East | B4: 6000
A5: West | B5: 5000

Sheet Cleaned_Sales_Data
A1: Order ID | B1: Order Date | C1: Cust ID | D1: Prod ID | E1: Region | F1: Qty | G1: Sales | H1: Price | I1: Customer Name | J1: Category | K1: Target | L1: Final Sales
A2: 1001 | B2: 45658 | C2: C01 | D2: P01 | E2: North | F2: 2 | G2: 4000 | H2: =VLOOKUP(Table1_2[[#This Row],[Prod ID]],Products!A:D,4,FALSE) -> 2000 | I2: =INDEX(Customers!B:B, MATCH(C2, Customers!A:A, 0)) -> Rahul Sharma | J2: =INDEX(Products!C:C, MATCH(Table1_2[[#This Row],[Prod ID]],Products!A:A,0)) -> Electronics | K2: =INDEX(Region_Targets!B:B,MATCH(Table1_2[[#This Row],[Region]],Region_Targets!A:A,0)) -> 8000 | L2: =Table1_2[[#This Row],[Qty]]*Table1_2[[#This Row],[Price]] -> 4000
A3: 1002 | B3: 45689 | C3: C02 | D3: P03 | E3: South | F3: 1 | G3: 1500 | H3: =VLOOKUP(Table1_2[[#This Row],[Prod ID]],Products!A:D,4,FALSE) -> 1500 | I3: =INDEX(Customers!B:B, MATCH(C3, Customers!A:A, 0)) -> Neha Singh | J3: =INDEX(Products!C:C, MATCH(Table1_2[[#This Row],[Prod ID]],Products!A:A,0)) -> Office | K3: =INDEX(Region_Targets!B:B,MATCH(Table1_2[[#This Row],[Region]],Region_Targets!A:A,0)) -> 7000 | L3: =Table1_2[[#This Row],[Qty]]*Table1_2[[#This Row],[Price]] -> 1500
A4: 1003 | B4: 45658 | C4: C03 | D4: P02 | E4: East | F4: 3 | G4: 6000 | H4: =VLOOKUP(Table1_2[[#This Row],[Prod ID]],Products!A:D,4,FALSE) -> 2000 | I4: =INDEX(Customers!B:B, MATCH(C4, Customers!A:A, 0)) -> Aman Verma | J4: =INDEX(Products!C:C, MATCH(Table1_2[[#This Row],[Prod ID]],Products!A:A,0)) -> Electronics | K4: =INDEX(Region_Targets!B:B,MATCH(Table1_2[[#This Row],[Region]],Region_Targets!A:A,0)) -> 6000 | L4: =Table1_2[[#This Row],[Qty]]*Table1_2[[#This Row],[Price]] -> 6000
A5: 1004 | B5: 45748 | C5: C01 | D5: P04 | E5: West | F5: 2 | G5: 3000 | H5: =VLOOKUP(Table1_2[[#This Row],[Prod ID]],Products!A:D,4,FALSE) -> 1500 | I5: =INDEX(Customers!B:B, MATCH(C5, Customers!A:A, 0)) -> Rahul Sharma | J5: =INDEX(Products!C:C, MATCH(Table1_2[[#This Row],[Prod ID]],Products!A:A,0)) -> Furniture | K5: =INDEX(Region_Targets!B:B,MATCH(Table1_2[[#This Row],[Region]],Region_Targets!A:A,0)) -> 5000 | L5: =Table1_2[[#This Row],[Qty]]*Table1_2[[#This Row],[Price]] -> 3000
A6: 1006 | B6: 45809 | C6: C02 | D6: P01 | E6: South | F6: 2 | G6: 4000 | H6: =VLOOKUP(Table1_2[[#This Row],[Prod ID]],Products!A:D,4,FALSE) -> 2000 | I6: =INDEX(Customers!B:B, MATCH(C6, Customers!A:A, 0)) -> Neha Singh | J6: =INDEX(Products!C:C, MATCH(Table1_2[[#This Row],[Prod ID]],Products!A:A,0)) -> Electronics | K6: =INDEX(Region_Targets!B:B,MATCH(Table1_2[[#This Row],[Region]],Region_Targets!A:A,0)) -> 7000 | L6: =Table1_2[[#This Row],[Qty]]*Table1_2[[#This Row],[Price]] -> 4000

Sheet Pivot_Data
A3: Row Labels | B3: Sum of Final Sales | E3: Row Labels | F3: Sum of Final Sales | I3: Row Labels | J3: Sum of Target | K3: Sum of Final Sales | M3: Row Labels | N3: Sum of Final Sales
A4: East | B4: 6000 | E4: Electronics | F4: 14000 | I4: East | J4: 6000 | K4: 6000 | M4: Rahul Sharma | N4: 7000
A5: North | B5: 4000 | E5: Furniture | F5: 3000 | I5: North | J5: 8000 | K5: 4000 | M5: Neha Singh | N5: 5500
A6: South | B6: 5500 | E6: Office | F6: 1500 | I6: South | J6: 14000 | K6: 5500 | M6: Aman Verma | N6: 6000
A7: West | B7: 3000 | E7: Grand Total | F7: 18500 | I7: West | J7: 5000 | K7: 3000 | M7: Grand Total | N7: 18500
A8: Grand Total | B8: 18500 | I8: Grand Total | J8: 33000 | K8: 18500

Sheet Dashboard
A1: Sales Performance Summary
A3: Total Sales | B3: Total Target | C3: Achievement % | D3: Gap
A4: =GETPIVOTDATA("Final Sales",Pivot_Data!$A$3) -> 18500 | B4: =GETPIVOTDATA("Sum of Target",Pivot_Data!$I$3) -> 33000 | C4: =A4/B4 -> 0.56060606 | D4: =B4-A4 -> 14500
